{"bug_id": "13303", "title": "Bug 13303Create New Class: Too many comments", "description": "Now both type and file comment contain a message that thay can be configuredin the pref page:/  Created on 10.04.2002   To change this generated comment edit the template variable \"filecomment\":  WorkbenchPreferencesJavaTemplates. //  @author maeschlimann   To change this generated comment edit the template variable \"typecomment\":  WorkbenchPreferencesJavaTemplates. /public class A { We should disable the option CodeGenerationcreate file comment Path should be WindowPreferencesJavaTemplates"}