{"bug_id": "25561", "title": "Bug 25561[Cell Editors] ACC: CheckboxCellEditor widget checkbox is read as an image.", "description": "CheckboxCellEditor widget checkboxes are not read with JAWS or MS InspectInspect reports the checkbox as graphics:How found:Mouse move (1057,735)hwnd=0x00810716 32bit class=\"SWTWindow0\" style=0x56010000 ex=0x0Info:IAcc = 0x001546E8 VarChild:[VTI4=0x0]Interfaces:IEnumVARIANT IOleWindowImpl:Local, need oleacc 4.2.5020.0 or greaterAnnotation ID:[not supported]Name:none [false]Value:none [false]Role:clientState:normalLocation:{l:905, t:228, w:492, h:539}Description:none [false]Kbshortcut:none [false]DefAction:none [false]Parent:none [false]:windowHelp:none [false]Help Topic:none [false]ChildCount:2Window:0x00810716 class=\"SWTWindow0\" style=0x56010000 ex=0x0Children:none [false] : window : normalnone [false] : window : normalSelection:none [empty]Ancestors:none [false] : window : normal\"Run Script\" : dialog : normal\"Run Script\" : window : moveable,focusable\"Desktop\" : client : normal\"Desktop\" : window : normal[ No Parent ]"}